{
	"pattrstorage" : 	{
		"name" : "inharmonicity_pattr",
		"slots" : 		{
			"1" : 			{
				"id" : 1,
				"data" : 				{
					"amps" : [ 0.994791686534882, 0.963541686534882, 0.890625, 0.796875, 0.598958313465118, 0.328125, 0.18229167163372, 0.588541686534882, 0.911458313465118, 0.08854166418314, 0.0, 0.026041666045785, 0.03645833209157, 0.16145832836628, 0.0, 0.317708343267441, 0.0, 0.0, 0.0, 0.0, 0.0, 0.0, 0.0, 0.0, 0.0 ],
					"decays" : [ 1.143229126930237, 1.5390625, 2.7265625, 1.8359375, 2.231770753860474, 1.8359375, 2.033854246139526, 3.122395753860474, 3.419270753860474, 3.9140625, 10.0, 10.0, 10.0, 5.392499923706055, 10.0, 3.872499942779541, 10.0, 10.0, 10.0, 10.0, 10.0, 10.0, 10.0, 10.0, 10.0 ]
				}

			}
,
			"2" : 			{
				"id" : 2,
				"data" : 				{
					"amps" : [ 0.054999999701977, 0.075000002980232, 0.224999994039536, 0.375, 0.354999989271164, 0.305000007152557, 0.18229167163372, 0.234999999403954, 0.985000014305115, 0.964999973773956, 0.884999990463257, 0.026041666045785, 0.03645833209157, 0.555000007152557, 0.0, 0.694999992847443, 0.0, 0.0, 0.0, 0.0, 0.0, 0.0, 0.0, 0.0, 0.0 ],
					"decays" : [ 0.927500009536743, 0.927500009536743, 0.927500009536743, 1.117499947547913, 1.022500038146973, 1.117499947547913, 2.352499961853027, 4.252500057220459, 5.392499923706055, 6.34250020980835, 4.822500228881836, 5.012499809265137, 4.537499904632568, 4.347499847412109, 4.252500057220459, 3.872499942779541, 3.967499971389771, 3.777499914169312, 3.682499885559082, 3.587500095367432, 3.587500095367432, 3.492500066757202, 3.397500038146973, 3.397500038146973, 3.207499980926514 ]
				}

			}
,
			"3" : 			{
				"id" : 3,
				"data" : 				{
					"amps" : [ 0.05729166790843, 0.115000002086163, 0.135000005364418, 0.078125, 0.03645833209157, 0.0, 0.41499999165535, 0.026041666045785, 0.380208343267441, 0.535000026226044, 0.682291686534882, 0.875, 0.964999973773956, 0.644999980926514, 1.0, 0.644999980926514, 0.973958313465118, 0.754999995231628, 1.0, 0.796875, 1.0, 0.692708313465118, 0.619791686534882, 0.515625, 0.442708343267441 ],
					"decays" : [ 1.877500057220459, 1.212499976158142, 1.117499947547913, 3.492500066757202, 8.169270515441895, 8.268229484558105, 0.927500009536743, 8.466145515441895, 8.466145515441895, 2.067500114440918, 4.606770992279053, 0.832499980926514, 1.782500028610229, 0.5, 1.592499971389771, 0.5, 1.877500057220459, 3.122395753860474, 1.782500028610229, 5.497395992279053, 1.592499971389771, 6.684895992279053, 1.782500028610229, 7.4765625, 7.4765625 ]
				}

			}

		}

	}

}
