{
	"1" : [ 50, 100, 150, 200 ],
	"2" : [ 110, 220, 330, 440 ],
	"3" : [ 222.099999999999994, 356.300000000000011, 555.879999999999995, 1000.200000000000045 ],
	"4" : [ 600, 8000, 14000 ],
	"tri" : 500
}
