{
	"pattrstorage" : 	{
		"name" : "mySavedStuffGoesHere",
		"slots" : 		{
			"1" : 			{
				"id" : 1,
				"data" : 				{
					"filterCutoff" : [ 200.0 ],
					"melodious" : [ 8.835165023803711, 6.857142925262451, 8.439560890197754, 5.010989189147949, 5.802197933197021 ],
					"amp" : [ 1000.0, 0.0, 1.0, 0.0, 0.0, 0, 0.0, 188.679245283018872, 1.0, 0, 0.35, 289.308176100628941, 0.984848484848485, 0, 0.0, 440.251572327044016, 0.348484848484849, 0, -0.3, 685.534591194968584, 0.303030303030303, 0, 0.0, 1000.0, 0.0, 0, -0.4, "curve" ],
					"brightness" : [ 1000.0, 0.0, 1.0, 0.0, 0.0, 0, 0.0, 110.062893081761004, 0.939393939393939, 0, 0.35, 147.798742138364787, 0.96969696969697, 0, 0.0, 273.584905660377331, 0.060606060606061, 0, -0.5, 361.635220125786191, 0.727272727272727, 0, 0.6, 418.23899371069183, 0.712121212121212, 0, 0.0, 644.654088050314499, 0.075757575757576, 0, -0.4, 1000.0, 0.0, 0, 0.0, "curve" ]
				}

			}
,
			"2" : 			{
				"id" : 2,
				"data" : 				{
					"filterCutoff" : [ 10000.0 ],
					"melodious" : [ 3.428571428571428, 6.857142925262451, 10.813186813186814, 9.23076923076923, 5.802197933197021 ],
					"amp" : [ 1000.0, 0.0, 1.0, 0.0, 0.0, 0, 0.0, 94.339622641509436, 0.803030303030303, 0, 0.35, 157.232704402515736, 0.803030303030303, 0, 0.0, 257.861635220125777, 0.181818181818182, 0, -0.4, 371.069182389937112, 0.181818181818182, 0, 0.0, 540.880503144654085, 0.818181818181818, 0, 0.4, 685.534591194968584, 0.818181818181818, 0, 0.0, 1000.0, 0.0, 0, -0.4, "curve" ],
					"brightness" : [ 1000.0, 0.0, 1.0, 0.0, 0.0, 0, 0.0, 122.64150943396227, 0.454545454545455, 0, 0.35, 235.84905660377359, 0.53030303030303, 0, 0.0, 562.893081761006329, 1.0, 0, 0.6, 644.654088050314499, 1.0, 0, 0.0, 770.440251572327043, 0.393939393939394, 0, -0.3, 1000.0, 0.0, 0, -0.3, "curve" ]
				}

			}
,
			"3" : 			{
				"id" : 3,
				"data" : 				{
					"filterCutoff" : [ 3000.0 ],
					"melodious" : [ 10.417582417582418, 6.857142925262451, 5.010989010989011, 2.637362637362637, 0.659340659340659 ],
					"amp" : [ 1000.0, 0.0, 1.0, 0.0, 0.0, 0, 0.0, 94.339622641509436, 1.0, 0, 0.35, 157.232704402515736, 0.803030303030303, 0, 0.0, 930.817610062893095, 0.803030303030303, 0, 0.0, 1000.0, 0.0, 0, -0.4, "curve" ],
					"brightness" : [ 1000.0, 0.0, 1.0, 0.0, 1.0, 0, 0.0, 531.446540880503107, 0.893939393939394, 0, 0.0, 1000.0, 0.348484848484849, 0, -0.3, "curve" ]
				}

			}

		}

	}

}
